[
  { "src": "ancient-gate", "dst": "古门" },
  { "src": "ancient", "dst": "古代的" },
  { "src": "gate", "dst": "大门" },
  { "src": "Buildings", "dst": "建筑" },
  { "src": "ancient-pavilion", "dst": "古亭" },
  { "src": "pavilion", "dst": "亭阁" },
  { "src": "bank", "dst": "银行" },
  { "src": "building", "dst": "建筑物" },
  { "src": "community", "dst": "社区" },
  { "src": "government", "dst": "政府" },
  { "src": "home", "dst": "家" },
  { "src": "home-gear", "dst": "家庭装备" },
  { "src": "gear", "dst": "排挡" },
  { "src": "home-heart", "dst": "家之心" },
  { "src": "heart", "dst": "心" },
  { "src": "home-smile", "dst": "家庭微笑" },
  { "src": "smile", "dst": "微笑" },
  { "src": "home-wifi", "dst": "家庭wifi" },
  { "src": "wifi", "dst": "无线网络" },
  { "src": "hospital", "dst": "医院" },
  { "src": "hotel", "dst": "酒店" },
  { "src": "store", "dst": "百货商店" },
  { "src": "advertisement", "dst": "广告" },
  { "src": "Business", "dst": "商业" },
  { "src": "archive-drawer", "dst": "档案抽屉" },
  { "src": "archive", "dst": "档案文件" },
  { "src": "drawer", "dst": "抽屉" },
  { "src": "at", "dst": "在" },
  { "src": "attachment", "dst": "附件" },
  { "src": "award", "dst": "奖" },
  { "src": "bar-chart", "dst": "条形图" },
  { "src": "bar", "dst": "酒吧" },
  { "src": "chart", "dst": "图表" },
  { "src": "bookmark", "dst": "书签" },
  { "src": "briefcase", "dst": "公文包" },
  { "src": "bubble-chart", "dst": "气泡图" },
  { "src": "bubble", "dst": "泡" },
  { "src": "calculator", "dst": "计算器" },
  { "src": "calendar", "dst": "日历" },
  { "src": "calendar-check", "dst": "日历检查" },
  { "src": "check", "dst": "检查" },
  { "src": "calendar-event", "dst": "日历事件" },
  { "src": "event", "dst": "事件" },
  { "src": "calendar-todo", "dst": "日历待办事项" },
  { "src": "todo", "dst": "待办事项" },
  { "src": "cloud", "dst": "云" },
  { "src": "cloud-off", "dst": "阴云密布" },
  { "src": "off", "dst": "关" },
  { "src": "copyleft", "dst": "版权所有" },
  { "src": "copyright", "dst": "版权" },
  { "src": "creative-commons", "dst": "知识共享" },
  { "src": "creative", "dst": "创造性的" },
  { "src": "commons", "dst": "平民" },
  { "src": "customer-service", "dst": "客户服务" },
  { "src": "customer", "dst": "顾客" },
  { "src": "service", "dst": "服务" },
  { "src": "donut-chart", "dst": "油炸圈饼图" },
  { "src": "donut", "dst": "甜甜圈" },
  { "src": "flag", "dst": "旗帜" },
  { "src": "global", "dst": "全球的" },
  { "src": "honour", "dst": "荣誉" },
  { "src": "inbox-archive", "dst": "收件箱存档" },
  { "src": "inbox", "dst": "收件箱" },
  { "src": "inbox-unarchive", "dst": "收件箱未归档" },
  { "src": "unarchive", "dst": "无政府主义" },
  { "src": "line-chart", "dst": "折线图" },
  { "src": "line", "dst": "线" },
  { "src": "links", "dst": "链接" },
  { "src": "mail-add", "dst": "邮件添加" },
  { "src": "mail", "dst": "邮政" },
  { "src": "add", "dst": "添加" },
  { "src": "mail-check", "dst": "邮件支票" },
  { "src": "mail-close", "dst": "邮件关闭" },
  { "src": "close", "dst": "关" },
  { "src": "mail-download", "dst": "邮件下载" },
  { "src": "download", "dst": "下载" },
  { "src": "mail-open", "dst": "邮件打开" },
  { "src": "open", "dst": "打开" },
  { "src": "mail-send", "dst": "邮件发送" },
  { "src": "send", "dst": "邮寄" },
  { "src": "mail-settings", "dst": "邮件设置" },
  { "src": "settings", "dst": "设置" },
  { "src": "mail-star", "dst": "邮星" },
  { "src": "star", "dst": "明星" },
  { "src": "mail-unread", "dst": "未读邮件" },
  { "src": "unread", "dst": "未读" },
  { "src": "mail-volume", "dst": "邮件量" },
  { "src": "volume", "dst": "体积" },
  { "src": "medal", "dst": "奖章" },
  { "src": "pie-chart", "dst": "饼图" },
  { "src": "pie", "dst": "馅饼" },
  { "src": "printer-cloud", "dst": "打印机云" },
  { "src": "printer", "dst": "打印机" },
  { "src": "profile", "dst": "轮廓" },
  { "src": "projector", "dst": "投影仪" },
  { "src": "record-mail", "dst": "记录邮件" },
  { "src": "record", "dst": "记录" },
  { "src": "registered", "dst": "注册的" },
  { "src": "reply-all", "dst": "全部回复" },
  { "src": "reply", "dst": "回复" },
  { "src": "all", "dst": "全部的" },
  { "src": "send-plane", "dst": "派飞机" },
  { "src": "plane", "dst": "飞机" },
  { "src": "slideshow", "dst": "幻灯片放映" },
  { "src": "stack", "dst": "堆栈" },
  { "src": "trademark", "dst": "商标" },
  { "src": "window", "dst": "窗" },
  { "src": "chat", "dst": "闲聊" },
  { "src": "Communication", "dst": "表达" },
  { "src": "chat-check", "dst": "聊天检查" },
  { "src": "chat-delete", "dst": "聊天删除" },
  { "src": "delete", "dst": "删去" },
  { "src": "chat-download", "dst": "聊天下载" },
  { "src": "chat-heart", "dst": "聊天心" },
  { "src": "chat-history", "dst": "聊天记录" },
  { "src": "history", "dst": "历史" },
  { "src": "chat-new", "dst": "聊天新闻" },
  { "src": "new", "dst": "新" },
  { "src": "chat-off", "dst": "闲聊" },
  { "src": "chat-poll", "dst": "聊天民意测验" },
  { "src": "poll", "dst": "投票" },
  { "src": "chat-private", "dst": "私下聊天" },
  { "src": "private", "dst": "私有的" },
  { "src": "chat-quote", "dst": "聊天报价" },
  { "src": "quote", "dst": "引用" },
  { "src": "chat-settings", "dst": "聊天设置" },
  { "src": "chat-smile", "dst": "微笑聊天" },
  { "src": "chat-upload", "dst": "聊天上传" },
  { "src": "upload", "dst": "上载" },
  { "src": "chat-voice", "dst": "聊天声音" },
  { "src": "voice", "dst": "嗓音" },
  { "src": "discuss", "dst": "讨论" },
  { "src": "feedback", "dst": "反馈" },
  { "src": "message", "dst": "消息" },
  { "src": "question-answer", "dst": "答疑系统" },
  { "src": "question", "dst": "问题" },
  { "src": "answer", "dst": "答复" },
  { "src": "questionnaire", "dst": "问卷调查" },
  { "src": "video-chat", "dst": "视频聊天" },
  { "src": "video", "dst": "视频" },
  { "src": "anticlockwise", "dst": "逆时针方向" },
  { "src": "Design", "dst": "设计" },
  { "src": "artboard", "dst": "艺术板" },
  { "src": "ball-pen", "dst": "圆珠笔" },
  { "src": "ball", "dst": "球" },
  { "src": "pen", "dst": "笔" },
  { "src": "blur-off", "dst": "模糊" },
  { "src": "blur", "dst": "变得模糊不清" },
  { "src": "brush", "dst": "刷子" },
  { "src": "clockwise", "dst": "顺时针方向的" },
  { "src": "collage", "dst": "拼贴画" },
  { "src": "compasses", "dst": "罗盘" },
  { "src": "contrast", "dst": "明显的差异" },
  { "src": "contrast-drop", "dst": "对比度下降" },
  { "src": "drop", "dst": "滴" },
  { "src": "crop", "dst": "庄稼" },
  { "src": "drag-drop", "dst": "拖放" },
  { "src": "drag", "dst": "拖曳" },
  { "src": "drag-move", "dst": "拖拽" },
  { "src": "move", "dst": "移动" },
  { "src": "edit", "dst": "编辑" },
  { "src": "edit-box", "dst": "编辑框" },
  { "src": "box", "dst": "盒" },
  { "src": "edit-circle", "dst": "编辑圆" },
  { "src": "circle", "dst": "圆圈" },
  { "src": "eraser", "dst": "橡皮擦" },
  { "src": "focus", "dst": "集中" },
  { "src": "grid", "dst": "网格" },
  { "src": "hammer", "dst": "锤子" },
  { "src": "ink-bottle", "dst": "墨水瓶" },
  { "src": "ink", "dst": "墨水" },
  { "src": "bottle", "dst": "瓶子" },
  { "src": "input-method", "dst": "输入法" },
  { "src": "input", "dst": "输入" },
  { "src": "method", "dst": "方法" },
  { "src": "layout", "dst": "布局" },
  { "src": "layout-bottom", "dst": "布局底部" },
  { "src": "bottom", "dst": "底部" },
  { "src": "layout-column", "dst": "布局栏" },
  { "src": "column", "dst": "柱" },
  { "src": "layout-grid", "dst": "布局网格" },
  { "src": "layout-masonry", "dst": "砌体布局" },
  { "src": "masonry", "dst": "砖石建筑" },
  { "src": "layout-right", "dst": "布局权" },
  { "src": "right", "dst": "正当" },
  { "src": "layout-row", "dst": "布局行" },
  { "src": "row", "dst": "一行" },
  { "src": "layout-top", "dst": "布局图顶部" },
  { "src": "top", "dst": "顶部" },
  { "src": "magic", "dst": "魔术" },
  { "src": "mark-pen", "dst": "马克·潘" },
  { "src": "mark", "dst": "做记号" },
  { "src": "markup", "dst": "加成" },
  { "src": "paint-brush", "dst": "画笔" },
  { "src": "paint", "dst": "油漆" },
  { "src": "palette", "dst": "调色板" },
  { "src": "pantone", "dst": "潘通" },
  { "src": "pen-nib", "dst": "笔尖" },
  { "src": "nib", "dst": "笔尖" },
  { "src": "pencil", "dst": "铅笔" },
  { "src": "pencil-ruler", "dst": "铅笔尺" },
  { "src": "ruler", "dst": "尺子" },
  { "src": "quill-pen", "dst": "羽毛笔" },
  { "src": "quill", "dst": "羽毛笔" },
  { "src": "scissors", "dst": "剪刀" },
  { "src": "scissors-cut", "dst": "剪刀剪" },
  { "src": "cut", "dst": "切" },
  { "src": "screenshot", "dst": "截图" },
  { "src": "shape", "dst": "形状" },
  { "src": "sip", "dst": "小口喝" },
  { "src": "slice", "dst": "片" },
  { "src": "t-box", "dst": "t形盒" },
  { "src": "t", "dst": "T" },
  { "src": "table-alt", "dst": "表alt" },
  { "src": "table", "dst": "桌子" },
  { "src": "alt", "dst": "中高音" },
  { "src": "tools", "dst": "工具" },
  { "src": "braces", "dst": "支撑" },
  { "src": "Development", "dst": "发展" },
  { "src": "brackets", "dst": "括号" },
  { "src": "bug", "dst": "缺陷" },
  { "src": "code-box", "dst": "密码箱" },
  { "src": "code", "dst": "密码" },
  { "src": "command", "dst": "命令" },
  { "src": "css", "dst": "css" },
  { "src": "cursor", "dst": "光标" },
  { "src": "git-branch", "dst": "吉特分行" },
  { "src": "git", "dst": "吉特" },
  { "src": "branch", "dst": "树枝" },
  { "src": "git-commit", "dst": "git提交" },
  { "src": "commit", "dst": "犯罪" },
  { "src": "git-merge", "dst": "git合并" },
  { "src": "merge", "dst": "合并" },
  { "src": "git-pull", "dst": "git pull" },
  { "src": "pull", "dst": "拉" },
  { "src": "git-repository", "dst": "git存储库" },
  { "src": "repository", "dst": "存储库" },
  { "src": "html", "dst": "html" },
  { "src": "parentheses", "dst": "圆括号" },
  { "src": "terminal-box", "dst": "接线盒" },
  { "src": "terminal", "dst": "航空站" },
  { "src": "terminal-window", "dst": "终端窗口" },
  { "src": "airplay", "dst": "空中表演" },
  { "src": "Device", "dst": "装置" },
  { "src": "barcode-box", "dst": "条形码盒" },
  { "src": "barcode", "dst": "条形码" },
  { "src": "base-station", "dst": "基站" },
  { "src": "base", "dst": "基础" },
  { "src": "station", "dst": "火车站" },
  { "src": "battery", "dst": "电池" },
  { "src": "battery-charge", "dst": "电池充电" },
  { "src": "charge", "dst": "要价" },
  { "src": "battery-saver", "dst": "节电器" },
  { "src": "saver", "dst": "储户" },
  { "src": "battery-share", "dst": "电池份额" },
  { "src": "share", "dst": "共有" },
  { "src": "bluetooth-connect", "dst": "蓝牙连接" },
  { "src": "bluetooth", "dst": "蓝牙" },
  { "src": "connect", "dst": "连接" },
  { "src": "cast", "dst": "铸造" },
  { "src": "cellphone", "dst": "手机" },
  { "src": "computer", "dst": "计算机" },
  { "src": "cpu", "dst": "中央处理器" },
  { "src": "dashboard", "dst": "仪表板" },
  { "src": "database", "dst": "数据库" },
  { "src": "device", "dst": "装置" },
  { "src": "device-recover", "dst": "设备恢复" },
  { "src": "recover", "dst": "恢复" },
  { "src": "dual-sim", "dst": "双卡" },
  { "src": "dual", "dst": "二重的" },
  { "src": "sim", "dst": "模拟" },
  { "src": "fingerprint", "dst": "指纹" },
  { "src": "gamepad", "dst": "游戏板" },
  { "src": "gps", "dst": "全球定位系统" },
  { "src": "gradienter", "dst": "水平仪" },
  { "src": "hard-drive", "dst": "硬盘驱动器" },
  { "src": "hard", "dst": "坚固的" },
  { "src": "drive", "dst": "驾驶" },
  { "src": "hotspot", "dst": "热点" },
  { "src": "install", "dst": "安装" },
  { "src": "keyboard-box", "dst": "键盘盒" },
  { "src": "keyboard", "dst": "键盘" },
  { "src": "mac", "dst": "雨衣" },
  { "src": "macbook", "dst": "macbook" },
  { "src": "mouse", "dst": "老鼠" },
  { "src": "phone", "dst": "电话" },
  { "src": "qr-code", "dst": "二维码" },
  { "src": "qr", "dst": "qr" },
  { "src": "qr-scan", "dst": "二维扫描" },
  { "src": "scan", "dst": "扫描" },
  { "src": "radar", "dst": "雷达" },
  { "src": "remote-control", "dst": "遥控器" },
  { "src": "remote", "dst": "遥远的" },
  { "src": "control", "dst": "控制" },
  { "src": "restart", "dst": "重新启动" },
  { "src": "rotate", "dst": "旋转" },
  { "src": "router", "dst": "路由器" },
  { "src": "rss", "dst": "rss" },
  { "src": "save", "dst": "拯救" },
  { "src": "sd-card", "dst": "sd卡" },
  { "src": "sd", "dst": "sd" },
  { "src": "card", "dst": "卡片" },
  { "src": "sensor", "dst": "传感器" },
  { "src": "server", "dst": "服务器" },
  { "src": "shut-down", "dst": "关闭" },
  { "src": "shut", "dst": "关闭" },
  { "src": "down", "dst": "向下" },
  { "src": "signal-wifi", "dst": "信号wifi" },
  { "src": "signal", "dst": "信号" },
  { "src": "sim-card", "dst": "sim卡" },
  { "src": "smartphone", "dst": "智能手机" },
  { "src": "tablet", "dst": "药片" },
  { "src": "tv", "dst": "电视" },
  { "src": "u-disk", "dst": "u盘" },
  { "src": "u", "dst": "U" },
  { "src": "disk", "dst": "磁盘" },
  { "src": "uninstall", "dst": "卸载" },
  { "src": "usb", "dst": "usb接口" },
  { "src": "wifi-off", "dst": "关闭wifi" },
  { "src": "wireless-charging", "dst": "无线充电" },
  { "src": "wireless", "dst": "无线的" },
  { "src": "charging", "dst": "充电" },
  { "src": "article", "dst": "文章" },
  { "src": "Document", "dst": "文件" },
  { "src": "bill", "dst": "账单" },
  { "src": "book", "dst": "书" },
  { "src": "book-mark", "dst": "书号" },
  { "src": "book-open", "dst": "开卷" },
  { "src": "book-read", "dst": "读书" },
  { "src": "read", "dst": "阅读" },
  { "src": "booklet", "dst": "小册子" },
  { "src": "clipboard", "dst": "剪贴板" },
  { "src": "contacts-book", "dst": "联系人簿" },
  { "src": "contacts", "dst": "联络" },
  { "src": "draft", "dst": "草稿" },
  { "src": "file", "dst": "文件" },
  { "src": "file-add", "dst": "文件添加" },
  { "src": "file-chart", "dst": "文件图表" },
  { "src": "file-cloud", "dst": "文件云" },
  { "src": "file-code", "dst": "文件代码" },
  { "src": "file-copy", "dst": "文件副本" },
  { "src": "copy", "dst": "复制" },
  { "src": "file-damage", "dst": "文件损坏" },
  { "src": "damage", "dst": "损坏" },
  { "src": "file-download", "dst": "文件下载" },
  { "src": "file-edit", "dst": "文件编辑" },
  { "src": "file-excel", "dst": "文件excel" },
  { "src": "excel", "dst": "擅长" },
  { "src": "file-gif", "dst": "文件gif" },
  { "src": "gif", "dst": "gif" },
  { "src": "file-history", "dst": "文件历史记录" },
  { "src": "file-hwp", "dst": "文件hwp" },
  { "src": "hwp", "dst": "hwp" },
  { "src": "file-mark", "dst": "文件标记" },
  { "src": "file-music", "dst": "文件音乐" },
  { "src": "music", "dst": "音乐" },
  { "src": "file-paper", "dst": "文件纸" },
  { "src": "paper", "dst": "纸张" },
  { "src": "file-pdf", "dst": "文件pdf" },
  { "src": "pdf", "dst": "pdf" },
  { "src": "file-ppt", "dst": "文件ppt" },
  { "src": "ppt", "dst": "幻灯片演示文件" },
  { "src": "file-reduce", "dst": "文件缩减" },
  { "src": "reduce", "dst": "减少" },
  { "src": "file-search", "dst": "文件搜索" },
  { "src": "search", "dst": "搜索" },
  { "src": "file-settings", "dst": "文件设置" },
  { "src": "file-shield", "dst": "文件屏蔽" },
  { "src": "shield", "dst": "盾" },
  { "src": "file-shred", "dst": "文件碎片" },
  { "src": "shred", "dst": "切碎" },
  { "src": "file-text", "dst": "文件文本" },
  { "src": "text", "dst": "文本" },
  { "src": "file-transfer", "dst": "文件传输" },
  { "src": "transfer", "dst": "转移" },
  { "src": "file-unknow", "dst": "文件未知" },
  { "src": "unknow", "dst": "未知" },
  { "src": "file-upload", "dst": "文件上传" },
  { "src": "file-user", "dst": "文件用户" },
  { "src": "user", "dst": "使用者" },
  { "src": "file-warning", "dst": "文件警告" },
  { "src": "warning", "dst": "警告" },
  { "src": "file-word", "dst": "文件字" },
  { "src": "word", "dst": "单词" },
  { "src": "file-zip", "dst": "文件压缩" },
  { "src": "zip", "dst": "拉链" },
  { "src": "folder", "dst": "文件夹" },
  { "src": "folder-add", "dst": "文件夹添加" },
  { "src": "folder-chart", "dst": "文件夹图表" },
  { "src": "folder-download", "dst": "文件夹下载" },
  { "src": "folder-history", "dst": "文件夹历史记录" },
  { "src": "folder-keyhole", "dst": "文件夹锁孔" },
  { "src": "keyhole", "dst": "钥匙孔" },
  { "src": "folder-music", "dst": "文件夹音乐" },
  { "src": "folder-open", "dst": "文件夹打开" },
  { "src": "folder-received", "dst": "收到文件夹" },
  { "src": "received", "dst": "收到" },
  { "src": "folder-reduce", "dst": "文件夹缩减" },
  { "src": "folder-settings", "dst": "文件夹设置" },
  { "src": "folder-shared", "dst": "文件夹共享" },
  { "src": "shared", "dst": "共享" },
  { "src": "folder-shield", "dst": "文件夹屏蔽" },
  { "src": "folder-transfer", "dst": "文件夹传输" },
  { "src": "folder-unknow", "dst": "文件夹未知" },
  { "src": "folder-upload", "dst": "文件夹上传" },
  { "src": "folder-user", "dst": "文件夹用户" },
  { "src": "folder-warning", "dst": "文件夹警告" },
  { "src": "folder-zip", "dst": "文件夹压缩" },
  { "src": "folders", "dst": "文件夹" },
  { "src": "keynote", "dst": "基调" },
  { "src": "markdown", "dst": "降价" },
  { "src": "newspaper", "dst": "报纸" },
  { "src": "numbers", "dst": "数字" },
  { "src": "pages", "dst": "页" },
  { "src": "sticky-note", "dst": "便签" },
  { "src": "sticky", "dst": "粘性的" },
  { "src": "note", "dst": "笔记" },
  { "src": "survey", "dst": "调查" },
  { "src": "task", "dst": "任务" },
  { "src": "a", "dst": "A." },
  { "src": "Editor", "dst": "编辑" },
  { "src": "align-bottom", "dst": "底部对齐" },
  { "src": "align", "dst": "排列" },
  { "src": "align-center", "dst": "居中" },
  { "src": "center", "dst": "居中" },
  { "src": "align-justify", "dst": "对齐对齐" },
  { "src": "justify", "dst": "证明正当" },
  { "src": "align-right", "dst": "右对齐" },
  { "src": "align-top", "dst": "顶部对齐" },
  { "src": "align-vertically", "dst": "垂直对齐" },
  { "src": "vertically", "dst": "垂直地" },
  { "src": "asterisk", "dst": "星号" },
  { "src": "bold", "dst": "大胆的" },
  { "src": "bring", "dst": "带…到某处" },
  { "src": "bring-to", "dst": "带到" },
  { "src": "to", "dst": "到" },
  { "src": "code-view", "dst": "代码视图" },
  { "src": "view", "dst": "看法" },
  { "src": "delete-column", "dst": "删除列" },
  { "src": "delete-row", "dst": "删除行" },
  { "src": "double-quotes", "dst": "双引号" },
  { "src": "double", "dst": "双重的" },
  { "src": "quotes", "dst": "引用" },
  { "src": "emphasis-cn", "dst": "重点cn" },
  { "src": "emphasis", "dst": "强调" },
  { "src": "cn", "dst": "cn" },
  { "src": "english", "dst": "英语" },
  { "src": "flow-chart", "dst": "流程图" },
  { "src": "flow", "dst": "流" },
  { "src": "font-color", "dst": "字体颜色" },
  { "src": "font", "dst": "字体" },
  { "src": "color", "dst": "颜色" },
  { "src": "font-size", "dst": "字体大小" },
  { "src": "size", "dst": "大小" },
  { "src": "format-clear", "dst": "格式清晰" },
  { "src": "format", "dst": "总体安排" },
  { "src": "clear", "dst": "清楚的" },
  { "src": "functions", "dst": "功能" },
  { "src": "h", "dst": "H" },
  { "src": "hashtag", "dst": "话题标签" },
  { "src": "heading", "dst": "标题" },
  { "src": "indent-decrease", "dst": "缩进减少" },
  { "src": "indent", "dst": "缩进" },
  { "src": "decrease", "dst": "减少" },
  { "src": "input-cursor", "dst": "输入光标" },
  { "src": "insert-column", "dst": "插入列" },
  { "src": "insert", "dst": "插入" },
  { "src": "insert-row", "dst": "插入行" },
  { "src": "italic", "dst": "斜体" },
  { "src": "line-height", "dst": "线条高度" },
  { "src": "height", "dst": "身高" },
  { "src": "link", "dst": "链接" },
  { "src": "link-unlink", "dst": "链接取消链接" },
  { "src": "unlink", "dst": "解除链接" },
  { "src": "list-check", "dst": "清单检查" },
  { "src": "list", "dst": "列表" },
  { "src": "list-ordered", "dst": "已排序的列表" },
  { "src": "ordered", "dst": "命令" },
  { "src": "list-unordered", "dst": "无序列表" },
  { "src": "unordered", "dst": "无序的" },
  { "src": "merge-cells", "dst": "合并单元格" },
  { "src": "cells", "dst": "细胞" },
  { "src": "mind-map", "dst": "思维导图" },
  { "src": "mind", "dst": "介意" },
  { "src": "map", "dst": "地图" },
  { "src": "node-tree", "dst": "节点树" },
  { "src": "node", "dst": "节点" },
  { "src": "tree", "dst": "树" },
  { "src": "number", "dst": "数字" },
  { "src": "omega", "dst": "欧米茄" },
  { "src": "organization-chart", "dst": "组织结构图" },
  { "src": "organization", "dst": "组织" },
  { "src": "page-separator", "dst": "页面分隔符" },
  { "src": "page", "dst": "页" },
  { "src": "separator", "dst": "分离器" },
  { "src": "paragraph", "dst": "段落" },
  { "src": "pinyin", "dst": "拼音" },
  { "src": "question-mark", "dst": "问号" },
  { "src": "rounded-corner", "dst": "圆角" },
  { "src": "rounded", "dst": "圆润的" },
  { "src": "corner", "dst": "角" },
  { "src": "send-backward", "dst": "发回" },
  { "src": "backward", "dst": "向后的" },
  { "src": "send-to", "dst": "发送到" },
  { "src": "single-quotes", "dst": "运用" },
  { "src": "single", "dst": "仅有一个的" },
  { "src": "sort-asc", "dst": "分类asc" },
  { "src": "sort", "dst": "分类" },
  { "src": "asc", "dst": "asc" },
  { "src": "sort-desc", "dst": "分类描述" },
  { "src": "desc", "dst": "描述" },
  { "src": "space", "dst": "空间" },
  { "src": "split-cells", "dst": "分裂细胞" },
  { "src": "split", "dst": "分裂" },
  { "src": "strikethrough", "dst": "删除线" },
  { "src": "subscript", "dst": "下标" },
  { "src": "superscript", "dst": "上标" },
  { "src": "text-direction", "dst": "文本方向" },
  { "src": "direction", "dst": "方向" },
  { "src": "text-spacing", "dst": "文本间距" },
  { "src": "spacing", "dst": "间距" },
  { "src": "text-wrap", "dst": "文本换行" },
  { "src": "wrap", "dst": "包" },
  { "src": "translate", "dst": "翻译" },
  { "src": "underline", "dst": "强调" },
  { "src": "wubi", "dst": "乌比" },
  { "src": "hours", "dst": "小时" },
  { "src": "Finance", "dst": "资金" },
  { "src": "auction", "dst": "拍卖" },
  { "src": "bank-card", "dst": "银行卡" },
  { "src": "bit-coin", "dst": "比特币" },
  { "src": "bit", "dst": "一点" },
  { "src": "coin", "dst": "硬币" },
  { "src": "coins", "dst": "硬币" },
  { "src": "copper-coin", "dst": "铜币" },
  { "src": "copper", "dst": "铜" },
  { "src": "copper-diamond", "dst": "铜钻石" },
  { "src": "diamond", "dst": "金刚石" },
  { "src": "coupon", "dst": "息票" },
  { "src": "currency", "dst": "通货" },
  { "src": "exchange-box", "dst": "交换箱" },
  { "src": "exchange", "dst": "交换" },
  { "src": "exchange-cny", "dst": "兑换人民币" },
  { "src": "cny", "dst": "人民币" },
  { "src": "exchange-dollar", "dst": "兑换美元" },
  { "src": "dollar", "dst": "美元" },
  { "src": "funds-box", "dst": "资金箱" },
  { "src": "funds", "dst": "基金" },
  { "src": "gift", "dst": "礼物" },
  { "src": "hand-coin", "dst": "硬币" },
  { "src": "hand", "dst": "手" },
  { "src": "hand-heart", "dst": "手心" },
  { "src": "increase-decrease", "dst": "增减" },
  { "src": "increase", "dst": "增长" },
  { "src": "money-cny", "dst": "钱人民币" },
  { "src": "money", "dst": "钱" },
  { "src": "money-dollar", "dst": "货币美元" },
  { "src": "money-euro", "dst": "货币欧元" },
  { "src": "euro", "dst": "欧元" },
  { "src": "money-pound", "dst": "英镑" },
  { "src": "pound", "dst": "英镑" },
  { "src": "percent", "dst": "百分比" },
  { "src": "price-tag", "dst": "价格标签" },
  { "src": "price", "dst": "价格" },
  { "src": "tag", "dst": "标签" },
  { "src": "red-packet", "dst": "红包" },
  { "src": "red", "dst": "红色" },
  { "src": "packet", "dst": "小包裹" },
  { "src": "refund", "dst": "退款" },
  { "src": "safe", "dst": "安全" },
  { "src": "secure-payment", "dst": "安全支付" },
  { "src": "secure", "dst": "保护" },
  { "src": "payment", "dst": "付款" },
  { "src": "shopping-bag", "dst": "购物袋" },
  { "src": "shopping", "dst": "购物" },
  { "src": "bag", "dst": "纸袋" },
  { "src": "shopping-basket", "dst": "购物篮" },
  { "src": "basket", "dst": "篮子" },
  { "src": "shopping-cart", "dst": "购物车" },
  { "src": "cart", "dst": "运货马车" },
  { "src": "stock", "dst": "股票" },
  { "src": "swap-box", "dst": "交换盒" },
  { "src": "swap", "dst": "交换" },
  { "src": "ticket", "dst": "票" },
  { "src": "trophy", "dst": "奖杯" },
  { "src": "vip-crown", "dst": "贵宾皇冠" },
  { "src": "vip", "dst": "贵宾" },
  { "src": "crown", "dst": "王冠" },
  { "src": "vip-diamond", "dst": "贵宾钻石" },
  { "src": "wallet", "dst": "钱包" },
  { "src": "water", "dst": "水" },
  { "src": "capsule", "dst": "胶囊" },
  { "src": "Health", "dst": "健康" },
  { "src": "dislike", "dst": "不喜欢" },
  { "src": "dossier", "dst": "材料汇编" },
  { "src": "empathize", "dst": "移情" },
  { "src": "first-aid", "dst": "急救" },
  { "src": "first", "dst": "第一" },
  { "src": "aid", "dst": "帮助" },
  { "src": "flask", "dst": "瓶子" },
  { "src": "hand-sanitizer", "dst": "洗手液" },
  { "src": "sanitizer", "dst": "消毒杀菌剂" },
  { "src": "health-book", "dst": "健康手册" },
  { "src": "health", "dst": "健康" },
  { "src": "heart-add", "dst": "心加" },
  { "src": "heart-pulse", "dst": "脉搏" },
  { "src": "pulse", "dst": "脉搏" },
  { "src": "hearts", "dst": "红心" },
  { "src": "infrared-thermometer", "dst": "红外温度计" },
  { "src": "infrared", "dst": "红外线的" },
  { "src": "thermometer", "dst": "温度计" },
  { "src": "lungs", "dst": "肺" },
  { "src": "medicine-bottle", "dst": "药瓶" },
  { "src": "medicine", "dst": "医学" },
  { "src": "mental-health", "dst": "心理健康" },
  { "src": "mental", "dst": "思想的" },
  { "src": "microscope", "dst": "显微镜" },
  { "src": "nurse", "dst": "护士" },
  { "src": "psychotherapy", "dst": "心理治疗" },
  { "src": "rest-time", "dst": "休息时间" },
  { "src": "rest", "dst": "休息" },
  { "src": "time", "dst": "时间" },
  { "src": "stethoscope", "dst": "听诊器" },
  { "src": "surgical-mask", "dst": "口罩" },
  { "src": "surgical", "dst": "外科的" },
  { "src": "mask", "dst": "面具" },
  { "src": "syringe", "dst": "注射器" },
  { "src": "test-tube", "dst": "试管" },
  { "src": "test", "dst": "测验" },
  { "src": "tube", "dst": "管" },
  { "src": "virus", "dst": "病毒" },
  { "src": "zzz", "dst": "zzz" },
  { "src": "alipay", "dst": "支付宝" },
  { "src": "Logos", "dst": "标识" },
  { "src": "amazon", "dst": "亚马逊" },
  { "src": "android", "dst": "安卓" },
  { "src": "angularjs", "dst": "安格拉斯" },
  { "src": "app-store", "dst": "应用商店" },
  { "src": "app", "dst": "应用程序" },
  { "src": "apple", "dst": "苹果" },
  { "src": "baidu", "dst": "百度" },
  { "src": "behance", "dst": "比汉斯" },
  { "src": "bilibili", "dst": "哔哩哔哩" },
  { "src": "centos", "dst": "森托斯" },
  { "src": "chrome", "dst": "铬" },
  { "src": "codepen", "dst": "代码笔" },
  { "src": "coreos", "dst": "科雷奥斯" },
  { "src": "dingding", "dst": "丁丁" },
  { "src": "discord", "dst": "不一致" },
  { "src": "disqus", "dst": "迪克斯" },
  { "src": "douban", "dst": "豆瓣" },
  { "src": "dribbble", "dst": "运球" },
  { "src": "dropbox", "dst": "升降箱" },
  { "src": "edge", "dst": "边" },
  { "src": "evernote", "dst": "evernote" },
  { "src": "facebook-box", "dst": "facebook box" },
  { "src": "facebook", "dst": "脸谱网" },
  { "src": "facebook-circle", "dst": "facebook圈" },
  { "src": "finder", "dst": "发现者" },
  { "src": "firefox", "dst": "火狐" },
  { "src": "flutter", "dst": "颤振" },
  { "src": "gatsby", "dst": "盖茨比" },
  { "src": "github", "dst": "github" },
  { "src": "gitlab", "dst": "gitlab" },
  { "src": "google", "dst": "谷歌" },
  { "src": "google-play", "dst": "谷歌游戏" },
  { "src": "play", "dst": "玩" },
  { "src": "honor-of", "dst": "荣誉" },
  { "src": "honor", "dst": "荣誉" },
  { "src": "of", "dst": "属于" },
  { "src": "ie", "dst": "ie" },
  { "src": "instagram", "dst": "instagram" },
  { "src": "invision", "dst": "隐形" },
  { "src": "kakao-talk", "dst": "卡考谈话" },
  { "src": "kakao", "dst": "卡考" },
  { "src": "talk", "dst": "说话" },
  { "src": "linkedin-box", "dst": "领英信箱" },
  { "src": "linkedin", "dst": "领英" },
  { "src": "mastercard", "dst": "万事达卡" },
  { "src": "mastodon", "dst": "乳齿象" },
  { "src": "medium", "dst": "中等的" },
  { "src": "messenger", "dst": "送信人" },
  { "src": "microsoft", "dst": "微软" },
  { "src": "mini-program", "dst": "迷你程序" },
  { "src": "mini", "dst": "迷你" },
  { "src": "program", "dst": "程序" },
  { "src": "netease-cloud", "dst": "网易云" },
  { "src": "netease", "dst": "网易" },
  { "src": "netflix", "dst": "netflix" },
  { "src": "npmjs", "dst": "npmjs" },
  { "src": "open-source", "dst": "开放源代码" },
  { "src": "source", "dst": "来源" },
  { "src": "opera", "dst": "歌剧" },
  { "src": "patreon", "dst": "帕特伦" },
  { "src": "paypal", "dst": "贝宝" },
  { "src": "pinterest", "dst": "pinterest" },
  { "src": "pixelfed", "dst": "像素化" },
  { "src": "playstation", "dst": "playstation" },
  { "src": "product-hunt", "dst": "产品搜寻" },
  { "src": "product", "dst": "产品" },
  { "src": "hunt", "dst": "打猎" },
  { "src": "qq", "dst": "qq" },
  { "src": "reactjs", "dst": "反应" },
  { "src": "reddit", "dst": "reddit" },
  { "src": "remixicon", "dst": "雷米西康" },
  { "src": "safari", "dst": "游猎" },
  { "src": "skype", "dst": "skype" },
  { "src": "slack", "dst": "松弛的" },
  { "src": "snapchat", "dst": "阅后即焚" },
  { "src": "soundcloud", "dst": "声音云" },
  { "src": "spectrum", "dst": "谱" },
  { "src": "spotify", "dst": "spotify" },
  { "src": "stack-overflow", "dst": "栈溢出" },
  { "src": "overflow", "dst": "溢流" },
  { "src": "stackshare", "dst": "stackshare" },
  { "src": "steam", "dst": "水蒸气" },
  { "src": "switch", "dst": "转换" },
  { "src": "taobao", "dst": "淘宝" },
  { "src": "telegram", "dst": "电报" },
  { "src": "trello", "dst": "特雷洛" },
  { "src": "tumblr", "dst": "tumblr" },
  { "src": "twitch", "dst": "痉挛" },
  { "src": "twitter", "dst": "啁啾" },
  { "src": "ubuntu", "dst": "ubuntu" },
  { "src": "unsplash", "dst": "解除鞭笞" },
  { "src": "vimeo", "dst": "维梅奥" },
  { "src": "visa", "dst": "签证" },
  { "src": "vuejs", "dst": "vuejs" },
  { "src": "wechat", "dst": "微信" },
  { "src": "wechat-pay", "dst": "微信支付" },
  { "src": "pay", "dst": "支付" },
  { "src": "weibo", "dst": "微博" },
  { "src": "whatsapp", "dst": "WhatsApp" },
  { "src": "windows", "dst": "窗户" },
  { "src": "xbox", "dst": "xbox" },
  { "src": "xing", "dst": "邢" },
  { "src": "youtube", "dst": "youtube" },
  { "src": "zcool", "dst": "站酷" },
  { "src": "zhihu", "dst": "支湖" },
  { "src": "anchor", "dst": "锚" },
  { "src": "Map", "dst": "地图" },
  { "src": "barricade", "dst": "路障" },
  { "src": "bike", "dst": "自行车" },
  { "src": "bus", "dst": "公共汽车" },
  { "src": "bus-wifi", "dst": "公交车wifi" },
  { "src": "car", "dst": "汽车" },
  { "src": "car-washing", "dst": "洗车" },
  { "src": "washing", "dst": "洗涤" },
  { "src": "caravan", "dst": "大篷车" },
  { "src": "charging-pile", "dst": "充电桩" },
  { "src": "pile", "dst": "堆" },
  { "src": "china-railway", "dst": "中国铁路" },
  { "src": "china", "dst": "中国" },
  { "src": "railway", "dst": "铁路" },
  { "src": "compass", "dst": "罗盘" },
  { "src": "compass-discover", "dst": "指南针发现" },
  { "src": "discover", "dst": "发现" },
  { "src": "cup", "dst": "杯子" },
  { "src": "e-bike", "dst": "电动自行车" },
  { "src": "e", "dst": "E" },
  { "src": "earth", "dst": "世界" },
  { "src": "flight", "dst": "航班" },
  { "src": "flight-takeoff", "dst": "起飞" },
  { "src": "takeoff", "dst": "起飞" },
  { "src": "footprint", "dst": "脚印" },
  { "src": "gas-station", "dst": "加油站" },
  { "src": "gas", "dst": "气体" },
  { "src": "globe", "dst": "地球" },
  { "src": "goblet", "dst": "高脚杯" },
  { "src": "guide", "dst": "指导" },
  { "src": "hotel-bed", "dst": "床酒店" },
  { "src": "bed", "dst": "床" },
  { "src": "lifebuoy", "dst": "救生圈" },
  { "src": "luggage-cart", "dst": "行李车" },
  { "src": "luggage", "dst": "行李" },
  { "src": "luggage-deposit", "dst": "行李寄存" },
  { "src": "deposit", "dst": "押金" },
  { "src": "map-pin", "dst": "图钉" },
  { "src": "pin", "dst": "大头针" },
  { "src": "motorbike", "dst": "摩托车" },
  { "src": "navigation", "dst": "航行" },
  { "src": "oil", "dst": "油" },
  { "src": "parking-box", "dst": "停车场" },
  { "src": "parking", "dst": "停车" },
  { "src": "passport", "dst": "护照" },
  { "src": "pin-distance", "dst": "针距" },
  { "src": "distance", "dst": "距离" },
  { "src": "police-car", "dst": "警车" },
  { "src": "police", "dst": "警察部门" },
  { "src": "pushpin", "dst": "图钉" },
  { "src": "restaurant", "dst": "餐馆" },
  { "src": "riding", "dst": "骑" },
  { "src": "road-map", "dst": "路线图" },
  { "src": "road", "dst": "路" },
  { "src": "roadster", "dst": "跑车" },
  { "src": "rocket", "dst": "火箭" },
  { "src": "route", "dst": "路线" },
  { "src": "run", "dst": "跑" },
  { "src": "sailboat", "dst": "帆船" },
  { "src": "ship", "dst": "船" },
  { "src": "signal-tower", "dst": "信号塔" },
  { "src": "tower", "dst": "塔" },
  { "src": "space-ship", "dst": "太空船" },
  { "src": "steering", "dst": "驾驶" },
  { "src": "subway", "dst": "地铁" },
  { "src": "subway-wifi", "dst": "地铁wifi" },
  { "src": "suitcase", "dst": "手提箱" },
  { "src": "takeaway", "dst": "外卖" },
  { "src": "taxi", "dst": "出租车" },
  { "src": "taxi-wifi", "dst": "出租车wifi" },
  { "src": "traffic", "dst": "交通" },
  { "src": "train", "dst": "火车" },
  { "src": "train-wifi", "dst": "火车wifi" },
  { "src": "treasure-map", "dst": "藏宝图" },
  { "src": "treasure", "dst": "金银财宝" },
  { "src": "truck", "dst": "卡车" },
  { "src": "walk", "dst": "步行" },
  { "src": "k", "dst": "K" },
  { "src": "Media", "dst": "媒体" },
  { "src": "album", "dst": "专辑" },
  { "src": "aspect-ratio", "dst": "纵横比" },
  { "src": "aspect", "dst": "方面" },
  { "src": "ratio", "dst": "比率" },
  { "src": "broadcast", "dst": "广播" },
  { "src": "camera", "dst": "照相机" },
  { "src": "camera-off", "dst": "摄像机关闭" },
  { "src": "camera-switch", "dst": "摄像机开关" },
  { "src": "clapperboard", "dst": "隔板" },
  { "src": "closed-captioning", "dst": "闭路字幕" },
  { "src": "closed", "dst": "关闭" },
  { "src": "captioning", "dst": "字幕" },
  { "src": "disc", "dst": "圆盘" },
  { "src": "dv", "dst": "dv" },
  { "src": "dvd", "dst": "数字化视频光盘" },
  { "src": "eject", "dst": "弹出" },
  { "src": "equalizer", "dst": "均衡器" },
  { "src": "film", "dst": "电影" },
  { "src": "fullscreen-exit", "dst": "全屏退出" },
  { "src": "fullscreen", "dst": "全屏" },
  { "src": "exit", "dst": "出口" },
  { "src": "gallery", "dst": "陈列室" },
  { "src": "gallery-upload", "dst": "画廊上传" },
  { "src": "hd", "dst": "高清" },
  { "src": "headphone", "dst": "耳机" },
  { "src": "hq", "dst": "总部" },
  { "src": "image", "dst": "形象" },
  { "src": "image-add", "dst": "图像添加" },
  { "src": "image-edit", "dst": "图像编辑" },
  { "src": "landscape", "dst": "景观" },
  { "src": "live", "dst": "居住" },
  { "src": "mic", "dst": "麦克风" },
  { "src": "mic-off", "dst": "麦克风关闭" },
  { "src": "movie", "dst": "电影" },
  { "src": "mv", "dst": "mv" },
  { "src": "notification", "dst": "通知" },
  { "src": "notification-off", "dst": "通知关闭" },
  { "src": "order-play", "dst": "命令播放" },
  { "src": "order", "dst": "顺序" },
  { "src": "pause-circle", "dst": "暂停圈" },
  { "src": "pause", "dst": "暂停" },
  { "src": "pause-mini", "dst": "暂停迷你" },
  { "src": "phone-camera", "dst": "手机摄像头" },
  { "src": "picture", "dst": "相片" },
  { "src": "play-circle", "dst": "游戏圈" },
  { "src": "play-mini", "dst": "玩迷你" },
  { "src": "polaroid", "dst": "宝丽来" },
  { "src": "radio", "dst": "无线电广播" },
  { "src": "record-circle", "dst": "唱片圈" },
  { "src": "repeat", "dst": "重复" },
  { "src": "repeat-one", "dst": "重复一次" },
  { "src": "one", "dst": "一" },
  { "src": "rewind", "dst": "重绕" },
  { "src": "rewind-mini", "dst": "倒带迷你" },
  { "src": "rhythm", "dst": "节奏" },
  { "src": "shuffle", "dst": "洗牌" },
  { "src": "skip-back", "dst": "向后跳" },
  { "src": "skip", "dst": "跳过" },
  { "src": "back", "dst": "返回" },
  { "src": "sound-module", "dst": "声音模块" },
  { "src": "sound", "dst": "声音" },
  { "src": "module", "dst": "单元" },
  { "src": "speaker", "dst": "发言者" },
  { "src": "speed", "dst": "速度" },
  { "src": "speed-mini", "dst": "极速迷你" },
  { "src": "stop-circle", "dst": "停止循环" },
  { "src": "stop", "dst": "停止" },
  { "src": "stop-mini", "dst": "停下，迷你们" },
  { "src": "surround-sound", "dst": "环绕立体声" },
  { "src": "surround", "dst": "围绕" },
  { "src": "tape", "dst": "磁带" },
  { "src": "video-add", "dst": "视频添加" },
  { "src": "video-download", "dst": "视频下载" },
  { "src": "video-upload", "dst": "视频上传" },
  { "src": "vidicon", "dst": "摄像机" },
  { "src": "voiceprint", "dst": "声纹" },
  { "src": "volume-down", "dst": "降低音量" },
  { "src": "volume-mute", "dst": "音量静音" },
  { "src": "mute", "dst": "沉默的" },
  { "src": "volume-off", "dst": "音量关闭" },
  { "src": "volume-up", "dst": "增大音量" },
  { "src": "up", "dst": "向上的" },
  { "src": "volume-vibrate", "dst": "体积振动" },
  { "src": "vibrate", "dst": "振动" },
  { "src": "webcam", "dst": "网络摄像头" },
  { "src": "basketball", "dst": "篮球运动" },
  { "src": "Others", "dst": "其他的" },
  { "src": "bell", "dst": "钟" },
  { "src": "billiards", "dst": "台球" },
  { "src": "boxing", "dst": "拳击" },
  { "src": "cactus", "dst": "仙人掌" },
  { "src": "cake", "dst": "糕饼" },
  { "src": "character-recognition", "dst": "字符识别" },
  { "src": "character", "dst": "性格" },
  { "src": "recognition", "dst": "认出" },
  { "src": "door-closed", "dst": "门关上了" },
  { "src": "door", "dst": "门" },
  { "src": "door-open", "dst": "门开着" },
  { "src": "football", "dst": "足球运动" },
  { "src": "fridge", "dst": "冰箱" },
  { "src": "game", "dst": "游戏" },
  { "src": "handbag", "dst": "手提包" },
  { "src": "key", "dst": "钥匙" },
  { "src": "knife-blood", "dst": "刀血" },
  { "src": "knife", "dst": "刀" },
  { "src": "blood", "dst": "血" },
  { "src": "leaf", "dst": "叶" },
  { "src": "lightbulb", "dst": "灯泡" },
  { "src": "outlet", "dst": "出口" },
  { "src": "ping-pong", "dst": "乒乓球" },
  { "src": "ping", "dst": "发出砰的声响" },
  { "src": "pong", "dst": "庞" },
  { "src": "plant", "dst": "植物" },
  { "src": "plug", "dst": "插头" },
  { "src": "recycle", "dst": "回收利用" },
  { "src": "reserved", "dst": "含蓄的" },
  { "src": "scales", "dst": "规模" },
  { "src": "seedling", "dst": "幼苗" },
  { "src": "shirt", "dst": "衬衫" },
  { "src": "sword", "dst": "剑" },
  { "src": "t-shirt", "dst": "T恤" },
  { "src": "umbrella", "dst": "雨伞" },
  { "src": "voice-recognition", "dst": "语音识别" },
  { "src": "wheelchair", "dst": "轮椅" },
  { "src": "add-box", "dst": "添加框" },
  { "src": "System", "dst": "系统" },
  { "src": "add-circle", "dst": "添加圆" },
  { "src": "alarm", "dst": "惊恐" },
  { "src": "alarm-warning", "dst": "警报警告" },
  { "src": "alert", "dst": "警觉的" },
  { "src": "apps", "dst": "应用程序" },
  { "src": "arrow-down", "dst": "向下箭头" },
  { "src": "arrow", "dst": "箭" },
  { "src": "arrow-drop", "dst": "投箭" },
  { "src": "arrow-go", "dst": "箭去" },
  { "src": "go", "dst": "去" },
  { "src": "arrow-right", "dst": "向右箭头" },
  { "src": "arrow-up", "dst": "向上箭头" },
  { "src": "check-double", "dst": "仔细检查" },
  { "src": "checkbox-blank", "dst": "复选框空白" },
  { "src": "checkbox", "dst": "复选框" },
  { "src": "blank", "dst": "空白的" },
  { "src": "checkbox-circle", "dst": "复选框圈" },
  { "src": "checkbox-multiple", "dst": "复选框多个" },
  { "src": "multiple", "dst": "倍数" },
  { "src": "close-circle", "dst": "闭合圆" },
  { "src": "delete-back", "dst": "删除回" },
  { "src": "delete-bin", "dst": "删除垃圾箱" },
  { "src": "bin", "dst": "箱子" },
  { "src": "divide", "dst": "分" },
  { "src": "download-cloud", "dst": "下载云" },
  { "src": "error-warning", "dst": "错误警告" },
  { "src": "error", "dst": "错误" },
  { "src": "external", "dst": "外部的" },
  { "src": "eye", "dst": "眼睛" },
  { "src": "eye-close", "dst": "闭上眼睛" },
  { "src": "eye-off", "dst": "注意" },
  { "src": "filter", "dst": "滤器" },
  { "src": "filter-off", "dst": "过滤掉" },
  { "src": "find-replace", "dst": "寻找替代品" },
  { "src": "find", "dst": "发现" },
  { "src": "replace", "dst": "代替" },
  { "src": "forbid", "dst": "禁止" },
  { "src": "function", "dst": "作用" },
  { "src": "indeterminate-circle", "dst": "不定圆" },
  { "src": "indeterminate", "dst": "不确定的" },
  { "src": "information", "dst": "信息" },
  { "src": "list-settings", "dst": "列表设置" },
  { "src": "loader", "dst": "装载机" },
  { "src": "lock", "dst": "锁" },
  { "src": "lock-password", "dst": "锁定密码" },
  { "src": "password", "dst": "暗语" },
  { "src": "lock-unlock", "dst": "开锁" },
  { "src": "unlock", "dst": "解锁" },
  { "src": "login-box", "dst": "登录框" },
  { "src": "login", "dst": "登录" },
  { "src": "login-circle", "dst": "登录圈" },
  { "src": "logout-box", "dst": "注销框" },
  { "src": "logout", "dst": "注销" },
  { "src": "logout-circle", "dst": "注销圈" },
  { "src": "menu", "dst": "菜单" },
  { "src": "menu-add", "dst": "菜单添加" },
  { "src": "menu-unfold", "dst": "菜单展开" },
  { "src": "unfold", "dst": "展开" },
  { "src": "more", "dst": "更多" },
  { "src": "notification-badge", "dst": "通知徽章" },
  { "src": "badge", "dst": "徽章" },
  { "src": "radio-button", "dst": "单选按钮" },
  { "src": "button", "dst": "按钮" },
  { "src": "refresh", "dst": "刷新" },
  { "src": "search-eye", "dst": "搜索眼" },
  { "src": "share-box", "dst": "共享箱" },
  { "src": "share-circle", "dst": "分享圈" },
  { "src": "shield-check", "dst": "屏蔽检查" },
  { "src": "shield-cross", "dst": "盾形十字架" },
  { "src": "cross", "dst": "交叉" },
  { "src": "shield-keyhole", "dst": "屏蔽锁孔" },
  { "src": "shield-star", "dst": "盾星" },
  { "src": "shield-user", "dst": "屏蔽用户" },
  { "src": "side-bar", "dst": "侧栏" },
  { "src": "side", "dst": "一边" },
  { "src": "spam", "dst": "垃圾邮件" },
  { "src": "star-half", "dst": "星半" },
  { "src": "half", "dst": "一半" },
  { "src": "subtract", "dst": "减" },
  { "src": "thumb-down", "dst": "拇指朝下" },
  { "src": "thumb", "dst": "拇指" },
  { "src": "thumb-up", "dst": "竖起大拇指" },
  { "src": "timer", "dst": "计时器" },
  { "src": "toggle", "dst": "切换" },
  { "src": "upload-cloud", "dst": "上传云" },
  { "src": "zoom", "dst": "快速移动" },
  { "src": "zoom-out", "dst": "缩小" },
  { "src": "out", "dst": "出来" },
  { "src": "account-box", "dst": "账户箱" },
  { "src": "account", "dst": "账户" },
  { "src": "User", "dst": "使用者" },
  { "src": "account-circle", "dst": "账户圈" },
  { "src": "account-pin", "dst": "账户密码" },
  { "src": "admin", "dst": "管理" },
  { "src": "aliens", "dst": "外星人" },
  { "src": "bear-smile", "dst": "熊笑" },
  { "src": "bear", "dst": "熊" },
  { "src": "body-scan", "dst": "身体扫描" },
  { "src": "body", "dst": "身体" },
  { "src": "criminal", "dst": "罪犯" },
  { "src": "emotion", "dst": "强烈的感情" },
  { "src": "emotion-happy", "dst": "情绪愉快" },
  { "src": "happy", "dst": "快乐的" },
  { "src": "emotion-normal", "dst": "情绪正常" },
  { "src": "normal", "dst": "典型的" },
  { "src": "emotion-sad", "dst": "感伤" },
  { "src": "sad", "dst": "悲哀的" },
  { "src": "emotion-unhappy", "dst": "情绪不愉快" },
  { "src": "unhappy", "dst": "不快乐的" },
  { "src": "genderless", "dst": "无性别" },
  { "src": "ghost", "dst": "鬼" },
  { "src": "ghost-smile", "dst": "鬼笑" },
  { "src": "group", "dst": "组" },
  { "src": "men", "dst": "男人" },
  { "src": "mickey", "dst": "米奇" },
  { "src": "open-arm", "dst": "张开双臂" },
  { "src": "arm", "dst": "臂" },
  { "src": "parent", "dst": "父母亲" },
  { "src": "robot", "dst": "机器人" },
  { "src": "skull", "dst": "颅骨" },
  { "src": "spy", "dst": "间谍" },
  { "src": "star-smile", "dst": "明星微笑" },
  { "src": "team", "dst": "团队" },
  { "src": "travesti", "dst": "特拉维斯蒂" },
  { "src": "user-add", "dst": "用户添加" },
  { "src": "user-heart", "dst": "用户心脏" },
  { "src": "user-received", "dst": "用户收到" },
  { "src": "user-search", "dst": "用户搜索" },
  { "src": "user-settings", "dst": "用户设置" },
  { "src": "user-shared", "dst": "用户共享" },
  { "src": "user-smile", "dst": "用户微笑" },
  { "src": "user-star", "dst": "用户明星" },
  { "src": "user-unfollow", "dst": "用户取消关注" },
  { "src": "unfollow", "dst": "取消关注" },
  { "src": "user-voice", "dst": "用户语音" },
  { "src": "women", "dst": "女人" },
  { "src": "blaze", "dst": "火焰" },
  { "src": "Weather", "dst": "天气" },
  { "src": "celsius", "dst": "摄氏度" },
  { "src": "cloud-windy", "dst": "有风的云" },
  { "src": "windy", "dst": "多风的" },
  { "src": "cloudy", "dst": "多云的" },
  { "src": "drizzle", "dst": "下蒙蒙细雨" },
  { "src": "earthquake", "dst": "地震" },
  { "src": "fahrenheit", "dst": "华氏的" },
  { "src": "fire", "dst": "火" },
  { "src": "flashlight", "dst": "手电筒" },
  { "src": "flood", "dst": "洪水" },
  { "src": "foggy", "dst": "有雾的" },
  { "src": "hail", "dst": "冰雹" },
  { "src": "haze", "dst": "薄雾" },
  { "src": "heavy-showers", "dst": "大雨" },
  { "src": "heavy", "dst": "重的" },
  { "src": "showers", "dst": "阵雨" },
  { "src": "meteor", "dst": "流星" },
  { "src": "mist", "dst": "薄雾" },
  { "src": "moon-clear", "dst": "明月" },
  { "src": "moon", "dst": "月球" },
  { "src": "moon-cloudy", "dst": "月亮多云" },
  { "src": "rainbow", "dst": "虹" },
  { "src": "rainy", "dst": "阴雨的" },
  { "src": "snowy", "dst": "下雪的" },
  { "src": "sun-cloudy", "dst": "多云的太阳" },
  { "src": "sun", "dst": "太阳" },
  { "src": "temp-cold", "dst": "低温" },
  { "src": "temp", "dst": "临时雇员" },
  { "src": "cold", "dst": "寒冷的" },
  { "src": "temp-hot", "dst": "高温" },
  { "src": "hot", "dst": "热的" },
  { "src": "thunderstorms", "dst": "雷雨" },
  { "src": "tornado", "dst": "龙卷风" },
  { "src": "typhoon", "dst": "台风" }
]
